,Описание,Решение,label,clean_text
0,"№ 57 маршрут, на остановке Нурлы Жол в направлении города  водитель табличку с нумерацией включил и уехал, т.е не посадил пассажиров. Время 06-00.",,0,маршрут остановка нурла жол направление город водитель табличка нумерация включить уехать посадить пассажир время 0600
1,"14 м/а с 6:00-6:31 нету автобуса с Нурлы жол в направлении города ,столько людей ждут стоят!",,0,600631 нету автобус нурла жол направление город столько человек ждать стоять
2,06:00-06:35 аралығында «Ақ-Жайық» ТД аялдамасы «Тұлпар» сауда орталығының аялдамасы бағытында МА 22 автобусы болған жоқ.,,0,06000635 аралығында ақжайық аялдамас тұлпара сауд орталығының аялдамас бағытында автобус болғать жоқ
3,"№2,13,32, 49, 50,73 Балбала аялдамасы  Көктал ТК бағытыңа қарай  сағат 06-20 пен 06-52 кеткенге дейің желіде болмады.",,0,21332 5073 балбала аялдамас көкталый бағытың қарай сағат 0620 пен 0652 кеткенга дейің желід болмады
4,"№ 18 бағдар , мем/нөмір  862 . Медицинский центр аялдамасынаң  Дом Министерств бағытыңа қарай , сағат 07-05 кеткенде алдыңғы есікті ашпады , шығуға дайындалап тұрдым .",,0,бағдар мемнөмір 862 медицинский центр аялдамасынаң дом министерство бағытың қарай сағат 0705 кеткенд алдыңғ есікті ашпады шығуғ дайындалапый тұрдым
5,"Маршрут №51 не было автобуса с 06:55-07:30 с остановки ЖК ""Орман парк"" в направлении остановки Городская больница №2.",,0,маршрут автобус 06550730 остановка орман парк направление остановка городской больница
6,"маршрут №58 продлили до ул. Карасай батыра, этот маршрут с ул.  Кенжебека Кумисбекова  как раз едет, именно в эту сторону маршруты не едут и мы постоянно пересадкой едем, если куда надо.",,1,маршрут продлить карасай батыр маршрут кенжебек кумисбеков ехать именно сторона маршрут ехать постоянно пересадка ехать
7,м/а-16 ост. Шара Жиенкулова  в сторону  Коктал  время  07.00-08.04  до сих  пор нет автобуса  сколько можно ждать.,,0,ма16 ост шар жиенкулов сторона кокталый время 07000804 сей пора автобус сколько ждать
8,"Бақылаушыға шағым м/а 44 мемлекеттік бөлме584 аялдамада Құдайбердіұлы даңғылы бағытына Жұмабаев даңғылы жүргізуші есікті артқы жағына ашпады , мен алдыңғы есікке жүгірдім, бақылаушы сол жерге кіріп, кідірді ашпады. Мен сөйлей бастадым және айқайлай бастадым .  Содан кейін ғана аштым мен жұмысқа кешігіп қалдым .",,0,бақылаушығ шағый мемлекеттік бөлме584 аялдамад құдайбердіұл даңғылый бағытын жұмабай даңғылый жүргізуші есікті артқ жағын ашпады мена алдыңғ есікк жүгірдім бақылауш сол жерг кіріп кідірді ашпады мена сөйлей бастадым жәич айқайлай бастадым содать кейін ғана аштым мена жұмысқ кешігіп қалдым
9,"Жалоба  на  контролеров  проверяющею  проезд  при проверке  останавливают   маршрут  полностью  и закрывают  двери  ,  постоянно происходит на остановке  Тулпар  в направление  ЖД  Вокзала . Проверяют  и потом сразу  выходят .Почему  так  у них  происходит когда  они должны выполнять работу при движения  автобуса  во   всех  маршрутах  так  происходит . Прошу  вас принять меры  мы пассажиры  чувствуем себя не ловко  ощущение,  как будто что  украли . При этом многие  пассажиры опаздывают на  работу . При обращение  к  контролёру  отвеют просто  это моя работа .Прошу  вас  принять меры  по  поводу  моего  обращения .",,0,жалоба контролёр проверять проезд проверка останавливать маршрут полностью закрывать дверь постоянно происходить остановка тулпара направление вокзал проверять сразу выходить почему происходить должный выполнять работа движение автобус весь маршрут происходить просить принять мера пассажир чувствовать ловко ощущение украсть это многие пассажир опаздывать работа обращение контролёр отвеять просто это работа просить принять мера повод обращение
10,"4 м/а Я пришла на остановку Улица Степана Разина, в 19:00 Мне надо было поехать в направлении Улицы Валиханова Я стояла на данной остановке до 20:00 Этот инцидент произошел вчера 01.02.25 Я смотрела по карте ехали несколько автобусов, но данных автобусов я не видела как они проезжают на данной остановке. Прошу принять меры по данному поводу.",,0,прийти остановка улица степан разин 1900 поехать направление улица валиханов стоять дать остановка 2000 инцидент произойти вчера 010225 смотреть карта ехать несколько автобус данные автобус видеть проезжать дать остановка просить принять мера дать повод
11,ост.КАЗГЮА в сторону  Керуен Сити не работает информационное табло.,,0,остказгю сторона керуйный сити работать информационный табло
12,"МА4. код 10849. Время 10.03. С остановки Целинный в сторону Тулпар. Сотрудник Ешкенова зашла с проверкой оплаты, остановила автобус и начала в грубой форме обращаться к пассажирам, чуть ли не кидаться на всех. Не соблюдают этику и не ведут себя как положено. И почему останавливают автобус? Примите меры.",,0,ма4 код 10849 время 1003 остановка целинный сторона тулпара сотрудник ешкеновый зайти проверка оплата остановить автобус начало грубый форма обращаться пассажир кидаться весь соблюдать этика вести положить почему останавливать автобус принять мера
13,11-бағыт _x000D_ 9/30-10/13 аралығында автобус жоқ_x000D_ №3 автобус саябағы аялдамасында_x000D_ Абылай хан даңғылы бағытында,,0,11бағыть _x000d_ 9301013 аралығында автобус жоқ_x000d_ автобус саябағ аялдамасында_x000d_ абылай хан даңғылый бағытында
14,"Бүгін 02.02.25 м / а 308 мемлекеттік нөмір 241CJ01 шамамен уақыт 10.08. Мен Алау Мұз сарайы аялдамада тұрдым  Қызылжар ауылының аялдамасы бағытында 308 автобустың алдында тағы екі автобус тұрды, сол автобустар кетіп қалды 308 тіпті аялдамаға жетпей бірден кетіп қалды.",,0,бүгін 020225 308 мемлекеттік нөмір 241cj01 шамамена уақыть 1008 мена алаа мұз сарай аялдамад тұрдым қызылжар ауылының аялдамас бағытында 308 автобустың алдында тағ екі автобус тұрд сол автобустарый кетіп қалда 308 тіпті аялдамағ жетпить бірден кетіп қалда
15, 308 маршрут  г/номер 241 СJ 01Остановка  Алау в сторону Косщы. Время10:08 .Проезд  остановки не заехаел даже.,,0,308 маршрут гномер 241 01остановка алаа сторона косщ время1008 проезд остановка заехаел
16,Маршрут №14  не было автобуса с 09:30-10:30 с остановки  Театр  в направлении остановки  ТЦ Евразия._x000D_ _x000D_,,0,маршрут автобус 09301030 остановка театр направление остановка евразия_x000d_ _x000d_
17,"Бүгін 02.02.25 Астана ЭКСПО аялдамасына Масаты аялдамасы бағытында 09.55 - те келдім, 43 автобус әлі жоқ, қазір 10.37. Шара қабылдауыңызды сұраймын.",,0,бүгін 020225 астана экспо аялдамасын масат аялдамас бағытында 0955 келдім автобус әлі жоқ қазір 1037 шар қабылдауыңызд сұраймын
18,"Маршрут 60, 11794, 10.37 остановка  Сауран направление Ботанический сад .Контролер  зашла все заблокировала на три минуты задержала рейс. И проверяла , имеют ли право. Контролер сказала что имеет право. Жду ответа. Срочно.",,0,маршрут 11794 1037 остановка сауран направление ботанический сад контролёр зайти всё заблокировать минута задержать рейс проверять иметь право контролёр сказать иметь право ждать ответ срочно
19,"5, 5а Я пришел на остановку Улица Ардагерлер, в 10:55 Мне надо поехать в направлении остановки Улица Куляш Байсеитовой. Сейчас время 11:22, за это время ни одного автобуса не было.",,0,прийти остановка улица ардагерлер 1055 поехать направление остановка улица куляш байсеитовый время 1122 это время автобус
20,"Маршрут 30 , время 10.40--11.21. остановка Гребной канал направление Тауелсыздык. Ожидает 40 минут.",,0,маршрут время 10401121 остановка гребной канал направление тауелсыздык ожидать минута
21,Маршрут № 33 Агротехникалық университет аялдамадан Агроқалашық бағытында 11:37-12:03 аралығында автобус болған жоқ.,,0,маршрут агротехникалық университет аялдамадан агроқалашық бағытында 11371203 аралығында автобус болғать жоқ
22,Маршрут №43 не было автобуса с 11:20-12:17с остановки  Микрорайон Отау   в направлении остановки   Астана ЭКСПО.,,0,маршрут автобус 11201217с остановка микрорайон отау направление остановка астана экспо
23,"М/а  43 ост. пункт м-он Отау направление ЖК Гранд Астана,   время ожидания 11:15-12:20.",,0,ост пункт мона отау направление гранд астана время ожидание 11151220
24,"51 автобус ,время 12:32 , остановка ТРЦ Азия Парк в сторону Ануар , кюаркод 14232 ,водитель не ответил мне на языке обращение на мои вопрос ,вопрос был по поводу маршрута ,так как в данном маршруте отсутствовал нумерация маршрута ,вопрос был задан три раза ,требую провести беседу с водителем по данному обращению",,0,автобус время 1232 остановка трц азия парк сторона ануар кюаркод 14232 водитель ответить язык обращение вопрос вопрос повод маршрут данный маршрут отсутствовать нумерация маршрут вопрос задать требовать провести беседа водитель дать обращение
25,"16 автобус ,аялдама 19 орта мектеп бағыт СҮ Рахмет ,уақыт 12:20-12:56 күту уақыты 36 минут хабарласқанға дейін , автобус келмеді",,0,автобус аялдама орт мектёпа бағыть рахмет уақыть 12201256 күт уақыть минута хабарласқанғ дейін автобус келмеді
26,"М/а 61, гос. № 834CU01, в 12:46 на ост. пункт школа Бином направление Ч. Айтматова автобус подъехал высадил и сделал разворот, не выехал еще на дорогу и пассажир подбежал к дверям постучал, но водитель не открыв двери уехал. Не в первый раз так делают водители, почему водители так себя ведут. Примите меры.",,0,гос 834cu01 1246 ост пункт школа бином направление айтматов автобус подъехать высадить сделать разворот выехать ещё дорога пассажир подбежать дверь постучать водитель открыть дверь уехать первый делать водитель почему водитель вести принять мера
27,м/а-71 г/н 863 ост. Ордабасы  в сторону в сторону Города  время  06.20   30.01.2025  проехал остановку не остановился из-за него на работе получили выговор.,,0,ма71 863 ост ордабас сторона сторона город время 0620 30012025 проехать остановка остановиться изз работа получить выговор
28,"Просит   водитель  м/а  14     говорит , что пассажиров   не  оплачивают  проезд  на  конечной   остановке ЖК Эльбрус   едут  одну остановку  ЖК Томирис     . Водитель просит  чтобы  отменили  по схеме  движения  остановку   ЖК Томирис.На  прямой  ехали  на  остановку  Ж/д вокзал Нурлы жол.Все  жители   не   оплачивают    проезд  едут с пересадкой  на  маршрут 11,21,48._x000D_ _x000D_ _x000D_",,0,просить водитель говорить пассажир оплачивать проезд конечный остановка эльбрус ехать остановка томирис водитель просить отменить схема движение остановка томирисный прямой ехать остановка вокзал нурла жолвсе житель оплачивать проезд ехать пересадка маршрут 112148_x000d_ _x000d_ _x000d_
29,Бүгін 02.02.25 Алматы КК аялдама бағыты бойынша Бахус СО аялдамасында сағат 13.10-дан 13.58-ге дейін 33 автобус күтіп тұрдым. Шара қабылдауды және осы бағытты бақылауға алуды сұраймын.,,0,бүгін 020225 алматы аялдама бағыть бойынша бахус аялдамасында сағат 1310дать 1358г дейін автобус күтіп тұрдым шар қабылдауд жәич оса бағытта бақылауғ алуда сұраймын
30,"М/а 52, QR автобуса 10617,  время 14:00ч подъезжают к ост. ТД Тулпар с стороны  пр Республики, жалуется на агрессивное вождение, на несоблюдение скоростного режима, на улице скользко, он везет людей без ответственный водитель, просит принять меры.",,0,автобус 10617 время 1400ча подъезжать ост тулпара сторона республика жаловаться агрессивный вождение несоблюдение скоростной режим улица скользко везти человек ответственный водитель просить принять мера
31,3 раза сняли оплату Город Астана 49 маршрут,,0,снять оплата город астана маршрут
32,"501 М/а, 976 гос номер Я пришли на остановку Ақан сері к-сі, 14:00 Нам надо было поехать на остановку 150 лет Абая Автобус проехал мимо остановки в 14:25. Прошу принять меры по данному поводу.",,0,501 976 гос номер прислать остановка ақать сері ксі 1400 поехать остановка 150 год абай автобус проехать мимо остановка 1425 просить принять мера дать повод
33,Маршрут № 18 не было автобуса 14:20-14:50 с остановки  Медицинский центр в направлении мкр. Целинный.,,0,маршрут автобус 14201450 остановка медицинский центр направление мкр целинный
34, маршрут 22  на остановке Тепловой участок с 13 час  45 мин до 15 час 05 мин направление города нет автобуса,,0,маршрут остановка тепловой участок час мина час мина направление город автобус
35,"М/а 20, аялдама Алматы іскерлік үй  бағыт ТК Сарайшық,  күту уақыты 15:00-15:21, тұрғын қадағалауды талап етеді, танертен де кешкілік  уақытта осы жағдай м/а уақытылы қатынамайды.",,0,аялдама алматы іскерлік бағыть сарайшық күт уақыть 15001521 тұрғын қадағалауд талап етеді танертен кешкілік уақытта оса жағдать уақытыл қатынамайд
36,"51 маршрут _x000D_ время 15/24 _x000D_ 14010 код оплаты _x000D_ с остановки проспект Тауелсиздик в направление ЖК ""Орман парк"" в автобусе сильный запах солярки",,0,маршрут _x000d_ время 1524 _x000d_ 14010 код оплата _x000d_ остановка проспект тауелсиздик направление орман парк автобус сильный запах солярка
37," Маршрут авт №45 в 15 час  -15 час 15 мин в этот промежуток № автобуса не знает, сел ЖК Bi city Tokyo направление  Анет баба,  зашел  контролер не понятной национальности, не понимает на русском ,ни на казахском языке, карта  пластиковая не срабатывала у моего сына 13 лет карта №4002430181,контролер взяла у него 200 тенге, мотивируя тем что не оплатил. Подала на виртуальную карты 29 января 2025 г, она не активна. Что за контролеров принимают на работу, мой сын владеет в совершенстве двумя языками: Каз, рус. Почему контролер берет наличные?У контролера в руках был аппарат для проверки",,0,маршрут авт час час мина промежуток автобус знать сесть city tokyo направление анета баба зайти контролёр понятный национальность понимать русский казахский язык карта пластиковый срабатывать сын год карта 4002430181контролёр взять 200 тенг мотивировать оплатить подать виртуальный карта январь 2025 активный контролёр принимать работа сын владеть совершенство язык каз русый почему контролёр брать наличныеу контролёр рука аппарат проверка
38,"Контролер  крупного  тяжелого веса  женщина  зашла на  м/а  56  на   остановке     Қазақконцерт им. Розы Баглановой  в направления  ТРЦ Хан Шатыр      не  держится   при торможение автобуса,  она   лег  на меня я просто ее толкнула .Она отреагировала  повернулась и начала  возмущается  почему вы меня толкаете . Ответила  ей вы на меня легли   , она сказала автобус качает она  не виновата .Почему  контролер не  держится за  специальные  ручки .  Она  очень грубо со мной разговорила  на  повышенных тонах  и мне пришло тоже  разговаривать с ней . При этом даже  не  извинилась . А если бы был ребенок  она могла   бы  причинить боль ребёнку  . Она  вела  себя спокойно, как будто так  положено  ,что можно наваливается  на  пассажиров .Прошу  вас принять меры    по поводу моей  жалобы .",,0,контролёр крупный тяжёлый вес женщина зайти остановка қазақконцерт роза баглановый направление трц хан шатыр держаться торможение автобус лечь просто толкнуть отреагировать повернуться начало возмущаться почему толкать ответить лечь сказать автобус качать виноватый почему контролёр держаться специальный ручка очень грубо разговорить повышенный тон прийти разговаривать это извиниться ребёнок мочь причинить боль ребёнок вести спокойно положить наваливаться пассажир просить принять мера повод жалоба
39,"16-12 на остановке АП №1 по ул. Пушкина  в сторону рынка ""Биг Шанхай""   по шоссе Алаш  ожидают а/м №11  более 35 минут",,0,1612 остановка пушкин сторона рынок биг шанхай шоссе алаш ожидать ама минута
40,Маршрут №45  гос. номер 163 время 16:10  водитель проехал остановку  улица Амире Кашаубаева в направлении остановки  улица Доспамбет жырау.,,0,маршрут гос номер 163 время 1610 водитель проехать остановка улица амир кашаубаев направление остановка улица доспамбета жырау
41,м/а-30 г/н554 не остановился на ост. ТЭЦ-1 в сторону левого берега  время  16.56 .,,0,ма30 гн554 остановиться ост тэц1 сторона левый берег время 1656
42,"Я сегодня хотела приобрести транспортную карту в торговых павильонах iStop на двух точках ТД Коктем (направление Женис) и Медицинский Университет ( в сторону Кенесары), время 17.17. и оба закрыты. По какой причине? Указанные телефоны не отвечают. Примите меры.",,0,сегодня хотеть приобрести транспортный карта торговый павильон istop точка коктема направление женис медицинский университет сторона кенесара время 1717 оба закрытый причина указанный телефон отвечать принять мера
43,"58  маршрут  гос номер  892,  гаражный  номер А 985 аялдама Астана МОЛЛ, автобустың  алдыңғы  жанынан  кіре бергенде  аяғын  есікпен қысып  қалды,  аяғын  алып  үлгерді, жүргізуші  есікті  жауып алып  жүріп  кетті,  есікті  ашпады.  Автобус  Республика  бағытына қарай  кетті.  сағат  17. 20 шамасында. Жүргізушіге  шара  қолдануды  сұрайды.",,0,маршрут гос номер 892 гаражный номер 985 аялдама астана молл автобустың алдыңғ жанынана кір бергенда аяғын есікпена қысып қалда аяғын алып үлгерді жүргізуші есікті жауып алып жүріп кетті есікті ашпады автобус республика бағытын қарай кетті сағат шамасында жүргізушіг шар қолдануда сұрайд
44,"№23 маршрут  на остановку Акмолинская областная больница №2 в сторону города подошли в 17:10. Сейчас 17:34, ни одного автобуса не было. Очень часто долго ждем. Примите меры.",,0,маршрут остановка акмолинский областной больница сторона город подойти 1710 1734 автобус очень часто долго ждать принять мера
45,"51 автобус ,аялдама Назарбаев университет бағыт Аэропорт ,уақыт 17:45 ,номер 231 ВА автобуста аялдама атауын жариялайтын құрылғы жоқтығынан Канал Нура -Есил аялдамсын өтіп Пригородный ТА барып түстік, неге қолайсыз жағдайлар туындалуы тиіс",,0,автобус аялдама назарбаев университет бағыть аэропорт уақыть 1745 номер 231 автобуста аялдама атауын жариялайтын құрылғ жоқтығынать канал нур есила аялдамсын өтіп пригородный барып түстік нега қолайсызть жағдайлар туындалуа тиіс
46,"МА11. Время примерно 17.40 или 17.50. С остановки ЖК Жайна в направлении 1 городской больницы. Я оплатил проезд, зашел контролер Еркин или Ермек и я у него спросил, где можно пополнить тр. карту. Он разговаривал с водителем. На вопрос мой сказал, что я мешаю ему работать и вызовет полицию и вытащил меня с автобуса. Зашли с ним в 47, он снова начал проверку и с задней двери вышел и скрылся. Оплачивал за проезд с этой карты 1004608004. По какой  причине он так поступил? Я один раз спросил, где можно пополнить карту, так как ехать нужно было дальше. Номер автобуса не помню, посмотрите по времени.",,0,ма11 время примерно 1740 1750 остановка жайн направление городской больница оплатить проезд зайти контролёр еркин ермек спросить пополнить карта разговаривать водитель вопрос сказать мешать работать вызвать полиция вытащить автобус заслать снова начать проверка задний дверь выйти скрыться оплачивать проезд карта 1004608004 причина поступить спросить пополнить карта ехать нужно далёкий номер автобус помнить посмотреть время
47,"Требую с остановки Назарбаев Университет сделать прямой  рейс   Астана арена и до Школа Зерде  что находиться по Толе би. Детям очень тяжело добираться. Во первых несколько пересадок Сойдут на Астана Арена и еще целый километр пешком идут в школу за Астана Арена .Не раз писала и просила.Нет никаких продвижений.Ребенок уже дважды пневмонией проболел. По снегу и дождю как вы думаете им добираться.Уже слов нет.СТС компания только в ушерб народу меняет движение автобусов.Одну молодежь наберут которые  не входят в положение детей. Решите уже проблему.Или нам  не пускать детей в честь противосстоянию вашему бездействию.Тут ездят  Бетономешалки,грузовые машины.Есть угроза здоровью детям.Я специально подаю заявку .В случае традегии именно с СТС компании мы родители школа Зерде будем спрашивать.Жду обратной связи и принятых мер  .",,0,требовать остановка назарбаев университет сделать прямой рейс астана арена школа зерд находиться тол ребёнок очень тяжело добираться первый несколько пересадка сойти астана арена ещё целый километр пешком идти школа астана арена писать просиланета никакой продвиженийребёнка дважды пневмония проболеть снег дождь думать добиратьсяуже слово нетстс компания ушерб народ менять движение автобусоводно молодёжь набрать который входить положение ребёнок решить проблемуить пускать ребёнок честь противосстояние ваш бездействиютут ездить бетономешалкигрузовый машиныесть угроза здоровье детямить специально подавать заявка случай традегия именно стс компания родитель школа зерд спрашиватьжда обратный связь принять мера
48,"Маршрут № 304, номер Z083, время 18:52 водитель остановился на остановке Онкологический диспансер не доезжая остановки, то есть там стоял автобус и после него он остановился и не открыв двери уехал  в направлении остановки ТД Гульжан.",,0,маршрут 304 номер z083 время 1852 водитель остановиться остановка онкологический диспансер доезжать остановка стоять автобус остановиться открыть дверь уехать направление остановка гульжан
49,"304 автобус ,остановка Онкологический диспансер в сторону пос Жибек жолы ,время 18:55, госномер  233CJ автобус подъехал на остановку ,остановился сзади другого автобуса ,подошел но дверь не открыл и уехал",,0,304 автобус остановка онкологический диспансер сторона пос жибек жол время 1855 госномер 233cj автобус подъехать остановка остановиться сзади автобус подойти дверь открыть уехать
50," м/а 42 мемлекеттік нөмір 494 уақыт 19:00 жүргізуші жағалау бағытында Қараменде би Шақалы аялдамасына келді . Жүргізуші есіктің ортасын ашып, 1 жолаушы түсуге шықты . Мен алдыңғы есіктің алдында тұрдым жүргізуші маған есікті ашпады .  Мен есікті қағып алдым жүргізуші бәрібір ашпады ол қатты ашуланып айқайлады .",,0,мемлекеттік нөмір 494 уақыть 1900 жүргізуші жағалаа бағытында қараменд шақалы аялдамасын келді жүргізуші есіктің ортасын ашып жолауш түсуг шықт мена алдыңғ есіктің алдында тұрдым жүргізуші мағать есікті ашпады мена есікті қағып алдым жүргізуші бәрібір ашпады қатта ашуланып айқайлада
51,"М/а 10,  мемлектеттік № 495,  сағат 19:49 аялдама ЖД вокзал бағыт Есенберлин көшесі, шығатын кезде жүргузуші артқы есікті ашпады,  сосын стоп кнопкасын бастым ашпады, сосын дауысымды шығарып едім ашпады, ортанғы есікті стоп кнопкасын басқан соң ашты. Неге барлық есікті ашпайды, неге автобустағы жолаушыларды басып ортасына өтуіміз керек. Шара қолдануды сұрайды.",,0,мемлектеттік 495 сағат 1949 аялдама вокзал бағыть есенберлин көшесі шығатын кезда жүргузуші артқ есікті ашпады сосын стоп кнопкасын бастым ашпады сосын дауысымд шығарып едім ашпады ортанғ есікті стоп кнопкасын басқать соң ашт нега барлық есікті ашпайд нега автобустағ жолаушылард басып ортасын өтуіміз керека шар қолдануда сұрайд
52,МА47. Время 20.35. до 21.15. С остановки ЖК Уют в сторону Ж/М Юго Восток. По какой причине так долго нет автобуса? Накажите всех водителей за несоблюдение интервала. МА 54 4 раза проехал за это время.,,0,ма47 время 2035 2115 остановка уют сторона юго восток причина долго автобус наказать весь водитель несоблюдение интервал проехать это время
53,40 м/а 784CG01 с ост. Евразийский национальный университет в сторону левого берега в 21-33 маршрут не повернул на ост. Евразийский национальный университет. Маршрут не повернул на ул.Жирентаева а поехал прямо по ул.Кажымукана а следующий маршрут № 40 повернул на ул.Жирентаева. Просим принять меры,,0,784cg01 ост евразийский национальный университет сторона левый берег 2133 маршрут повернуть ост евразийский национальный университет маршрут повернуть улжирентаев поехать прямо улкажымукать следующий маршрут повернуть улжирентаев просить принять мера
54,"36 м/а Водитель Ибрагимов  грубит , кюар 22000 в направления Кургальжинской трассы ,  по времени 6-15,  жалоба на Водителя(. Не останавливается . сильные морозы не открывает двери .  настояла на жалобе )",,0,водитель ибрагим грубить кюар 22000 направление кургальжинский трасса время 615 жалоба водитель останавливаться сильный мороз открывать дверь настоять жалоба
55,"Житель просит  наладить работу маршрутного  автобуса  4, в выходные  дни  автобусы мало ходят.",,0,житель просить наладить работа маршрутный автобус выходной день автобус мало ходить
56,"Маршрут № 4 не было автобуса   с 06:10-07:03 с остановки  проспект Тауелсиздик в направлении остановки  ТЦ Евразия, просит принять меры",,0,маршрут автобус 06100703 остановка проспект тауелсиздик направление остановка евразия просить принять мера
57,55 а нет на остановке  ул .  Кенесары в направлении НИИТО с 07-50  до 07-09,,0,остановка кенесара направление ниитый 0750 0709
58,"48 м/а, нет на остановке 2 ДГБ в направление города с 07-06  до 07-27",,0,остановка дгб направление город 0706 0727
59,"12 м/а кюар 13184,  проехал остановку Сарытогай  в направления Кабанбай батыра по времени 7-45",,0,кюар 13184 проехать остановка сарытогать направление кабанбай батыр время 745
60," Водитель маршрута 12, кр  код 13184 объявил  о  том  что  больше  останавливаться не  будет на  остановке  Сарытогай в направление  пр  Кабанбай батыра, время 7.40 утра. Водитель ссылается  на  то  что  нет  знака  остановки. Просит рассмотреть обращение по возврату остановки.",,0,водитель маршрут код 13184 объявить большой останавливаться остановка сарытогать направление кабанбай батыр время 740 утро водитель ссылаться знак остановка просить рассмотреть обращение возврат остановка
61,"11 м/а, водитель  подъехал на остановку пр. Аб. хана  притормозил не открыл двери поехал в направление ул. Пушкина, 07-59",,0,водитель подъехать остановка аба хан притормозить открыть дверь поехать направление пушкин 0759
62,"маршрут автобуса 55 А не было на остановке Акмолинская областная больница №2  в направлении    проспект Тауелсиздик,  время 7.30-8.10",,0,маршрут автобус остановка акмолинский областной больница направление проспект тауелсиздик время 730810
63,Маршрут №321 кюар 11551 в 06:50 водитель Махамбетов  медленно ехал со скоростью 40-60 км/час с остановки ж/м Мичурино в направлении остановки Акмолинская областная больница №2.,,0,маршрут 321 кюар 11551 0650 водитель махамбет медленно ехать скорость 4060 кмчас остановка мичурино направление остановка акмолинский областной больница
64,73 м/а от Ену в направлении 22 школы гимназии  проехал мимо Гос. номер: 597CQ01 8:12 в районе,,0,ену направление школа гимназия проехать мимо гос номер 597cq01 812 район
65,маршрут автобуса 18 гос. номер 344 не было на остановке НИИ травматологии и ортопедии  в направлении остановки  Пушкина не было по времени  7.41-8.23  пусть автопарк примет меры маршрут плохо ходит на линии со слов заявителя,,0,маршрут автобус гос номер 344 остановка нии травматология ортопедия направление остановка пушкин время 741823 пусть автопарк принять мера маршрут плохо ходить линия слово заявитель
66,м/а-4  неотднакротные случаи выходные  ост. ЖК Махабат в сторону Коктал просим чтобы  по выходные дни автобус проезжал хотябы 07.00  сегодня он проехал 07.30,,0,ма4 неотднакротный случай выходной ост махабат сторона кокталый просить выходной день автобус проезжать хотяб 0700 сегодня проехать 0730
67,"Маршрут №51 кюар 14236 в 08:40 с остановки ЖК Аламан в направлении остановки Дом Министерств, водитель был в наушниках, последнюю дверь не открыл я ему кричу он не слышит и мне пришлось подойти в среднюю дверь  и когда выходил ему еще раз крикнули он услышал и открыл последнюю дверь.",,0,маршрут кюар 14236 0840 остановка аламан направление остановка дом министерство водитель наушник последний дверь открыть кричать слышать прийтись подойти средний дверь выходить ещё крикнуть услышать открыть последний дверь
68, Маршрут №14 не было автобуса с 08:30-09:00 с остановки Школа-лицей №53 в направлении остановки Каныша Сатпаева.,,0,маршрут автобус 08300900 остановка школалица направление остановка каныш сатпаева
69,"80 м/а  кюар код 10653 , время 08:57 часов .  Ехал с ост  ЖК Отау по направлению  ул. Бурабай. Жалоба на водителя . Так как , в салоне автобуса не открывался окно .  Окна закрыто специально сделано , чтобы не открывали.  Прошу принять меры , при не принятии мер,  буду жаловаться  снова.",,0,кюар код 10653 время 0857 час ехать ост отау направление бурабай жалоба водитель салон автобус открываться окно окно закрытый специально сделать открывать просить принять мера принятие мера жаловаться снова
70,18 маршрут _x000D_ Мемлекет саны:_x000D_ 272BO01_x000D_ уақыты 9/48_x000D_ жүргізуші аялдамадан өтіп кетті Қазақстан Республикасы Ішкі істер министрлігінің орталық ауруханасы Назарбаев университетінің аялдамасы бағытында тоқтамады,,0,маршрут _x000d_ мемлекета саны_x000d_ 272bo01_x000d_ уақыть 948_x000d_ жүргізуші аялдамадан өтіп кетті қазақстан республикас ішкі істер министрлігінің орталық ауруханас назарбаев университетінің аялдамас бағытында тоқтамада
71,47 м/а 9:12-9:52  автобус болмады Казахская национальная академия хореографии  аялдамасынан ЖК Экспо-Плаза,,0,912952 автобус болмады казахский национальный академия хореография аялдамасынать экспоплаз
72,"41м / а желіде болған жоқ, уақыты 09; 40 сағаттан 10:22 сағатқа дейін. Сарайшық ТК аялдамасы бағыты бойынша Орда базар аялдамасынан. Маршрутты ұзақ күту.",,0,41м желід болғать жоқ уақыть сағаттан 1022 сағатқ дейін сарайшық аялдамас бағыть бойынша орда базар аялдамасынать маршрутта ұзақ күт
73,"Доброе утро! По поводу мойки  автобусов Очень плохо моют в салоне  автобусы  25 маршрута  после смены . Не добросовестные  работники  на мойке работают. Кто нибудь проверяет салон автобуса после уборки? Утром, на первом круге , только полы чистые. А спинки сидений , печки  никто не вытирает. В частности , сегодня автобус  гос номер 892 время 7-25  остановка 15 лицей в направлении теплотранзит спинки сидений грязные. Обращение касается именно мойки, которая обслуживает 25 маршрут. Проверяйте автобусы после уборки!!!  Кол-во файлов: 2",,0,добрый утро повод мойка автобус очень плохо мыть салон автобус маршрут смена добросовестный работник мойка работать нибыть проверять салон автобус уборка утром первый круг пола чистый спинка сидение печка никто вытирать частность сегодня автобус гос номер 892 время 725 остановка лицей направление теплотранзит спинка сидение грязный обращение касаться именно мойка который обслуживать маршрут проверять автобус уборка колвый файл
74,Маршрут № 41 не было автобуса с 09:55 - 10:30 с остановки Автобусный парк № 3 в направлении остановки Жансугурова.,,0,маршрут автобус 0955 1030 остановка автобусный парк направление остановка жансугуров
75,41  м/а не было на линии время с  09:40 часов до 10:33 часов . С остановки  Рынок  Кок по направлению ост  пр Жумабаева . Долгое ожидание маршрута .,,0,линия время 0940 час 1033 час остановка рынок кок направление ост жумабаев долгий ожидание маршрут
76," 4 маршрут  кюар 11032. Остановка Наурыз в сторону  школа лицей 15,Время 07:30-07:55.Хочу выразить благодарность водителю этого маршрута за его чуткое отношение к пассажирам.внимательность. Входит в положение пассажиров.Ждет бегущего пассажира.Спокойный и терпиливый.Спасибо за его труд и терпение к пассажирам.",,1,маршрут кюар 11032 остановка наурызть сторона школа лицей 15время 07300755хотеть выразить благодарность водитель это маршрут чуткий отношение пассажирамвнимательность входить положение пассажировждать бежать пассажираспокойный терпиливыйспасибо труд терпение пассажир
77,"автобус №62  QR  10902 в 10:54 с остановки  Ақтамберді жырау в направлений Кошкарбаева в автобусе информатор остановок не работает, не объявляют остановки.",,0,автобус 10902 1054 остановка ақтамберді жырау направление кошкарбаев автобус информатор остановка работать объявлять остановка
78,"М/а 54,  аялдама Жумбақтас бағыт Н. Тлендиева данғылы қалаға қарай, күту уақыты  10:40-11:04",,0,аялдама жумбақтас бағыть тлендиевый данғылый қалағ қарай күт уақыть 10401104
79,"4 м/а  Гос. номер: 891CE01 проспект Тлендиева в направлении Жаннур  и за этот путь 5 контролеров сели ! Фамилия на Н. начинается , не дала прочитать фамилию! за 10 остановок 5 проверяющих! Что это такое? У них такая несогласованная работа и система! фамилия на Н  начинается , огрызается лет 35"" Перед пасссажирами не могла ответить почему так часто контролеры и начала мне грубить , я просто спросил!  С",,0,гос номер 891ce01 проспект тлендиевый направление жаннур путь контролёр сель фамилия начинаться дать прочитать фамилия остановка проверять это несогласованный работа система фамилия начинаться огрызаться год пасссажир мочь ответить почему часто контролёр начало грубить просто спросить
80,"No33 маршрут Агрогородок аялдамасынан Астана базары аялдамасы бағытында 10.30-11.12 автобусы болмады.,күні 01.02.2025 ж",,0,no33 маршрут агрогородок аялдамасынать астана базар аялдамас бағытында 10301112 автобус болмадыкүні 01022025
81,"49 м/а Я пришла на остановку Переулок Келешек, в 10:45 Стою в направлении остановки Казахский университет технологии и бизнеса. Сейчас время 11:17. автобуса до сих пор нет.",,0,прийти остановка переулок келешек 1045 стоить направление остановка казахский университет технология бизнес время 1117 автобус сей пора
82,"М/а 10, аялдама Астана Медициналық университет бағыт Д. Қонаев сол жақ жағалау, күту уақыты 10:47-11:17",,0,аялдама астана медициналық университет бағыть далее қонаесть сол жақ жағалаа күт уақыть 10471117
83,Салеметсиз Осы неге 63 автобус нашар журеді Выходные вообще плохо ходят Линияда 9 гана автобус,,0,салеметсизый оса нега автобус нашар журеді выходной вообще плохо ходить линияд гана автобус
84,"маршрут автобуса №26 киаркод 17386 в автобусе не работает средний валидатор, водитель не в курсе, народу очень много невозможно пройти к другому валидатору,  примите меры",,0,маршрут автобус киаркод 17386 автобус работать средний валидатор водитель курс народ очень невозможно пройти валидатор принять мера
85," Маршрут авт №11  гос №469 на остановке  школа 12 не остановился на посадку и высадку,даже не притормозил,мы сидели в теплой остановке ,увидев ,что подъезжает,собирались выйти на посадку,направление  тд Гульжан в 11 час 50 мин",,0,маршрут авт гос 469 остановка школа остановиться посадка высадкудажа притормозилма сидеть тёплый остановка увидеть подъезжаетсобираться выйти посадкунаправление гульжан час мина
86,"62 маршрут _x000D_ Гос. номер:_x000D_ 953BW01_x000D_ время 12/06_x000D_ остановка Домалак ана в направление _x000D_ Акмешит, автобус проехал без остановки",,0,маршрут _x000d_ гос номер_x000d_ 953bw01_x000d_ время 1206_x000d_ остановка домалак ана направление _x000d_ акмешитый автобус проехать остановка
87,63 маршрут Останорвка Бином в сторону  Кулагер. Время 12:00-12:23 нет автобуса.Нет автобуса,,0,маршрут останорвка бином сторона кулагер время 12001223 автобусанета автобус
88,"Маршрут 53, 16477, время 11.03. остановка ""ABYROY направление левого берега. Контролер Мырзанов Б.Д. Стоял на передней части где не открывается дверь маршрута , я ехал 15 минут я не кому не мешал. Начел придираться ко мне хотя от водителя не было замечания. После долгих разговоров он пугал меня что оштрафует. После водитель попросил пройти в салон середину и я прошел. Хотя сам контролер стал на мое место и стоял. И это не первый раз , очень грубый . Угрожает штрафами за что ответь не может.",,0,маршрут 16477 время 1103 остановка abyroy направление левый берег контролёр мырзановый стоять передний часть открываться дверь маршрут ехать минута мешать начесть придираться хотя водитель замечание долгий разговор пугать оштрафовать водитель попросить пройти салон середина пройти хотя контролёр стать место стоять это первый очень грубый угрожать штраф ответить мочь
89,"маршрут № 326 не было автобуса с 9.45-10.50 с остановки Акан Серы в направлении остановки  69-я улица Талапкер с. , ни в 10.00 ни в 10.30 автобуса не было , дата 01.02.2025г",,0,маршрут 326 автобус 9451050 остановка акан сера направление остановка 69я улица талапкер 1000 1030 автобус дата 01022025г
90," маршр авт №52 Керея и Жанибека  аялдамада, мен 11 сағат 30 минуттан 12 сағат 30 минутқа дейін күттім бағыты ескі қала",,0,маршра авт керей жанибек аялдамад мена сағат минуттан сағат минутқ дейін күттім бағыть ескі қала
91,"326,306 11:30-12:49 автобус жоқ Акан Серы  аялдамасынан  ост. Талапкер бағытында",,0,326306 11301249 автобус жоқ акан сера аялдамасынать ост талапкер бағытында
92,"56 м/а  гос номер  623 . Стояла на ост  ул Е-16 по направлению ост  Дом Министерства.  Я бежала , водитель , не дождавшейся меня уехал , на улице холодно. Прошу сделать замечание водителю, чтоб вред , не уезжал , а ждал пассажиров.",,0,гос номер 623 стоять ост е16 направление ост дом министерство бежать водитель дождаться уехать улица холодно просить сделать замечание водитель вред уезжать ждать пассажир
93,"Работает  только 4,5 касса. 1,2 касса  кассиры просто так ходят,не обслуживают население.Примите меры.И так постоянно.",,0,работать касса касса кассир просто ходятно обслуживать населениепрять мерый постоянно
94,"№3 м\а, мемлекеттік номері 914CU01, Нұрлы-жол вокзалы аялдамасынан, қала бағытына қарай, 14:00 уақытымен, аялдамаға тоқтамай өтіп кетті.",,0,мемлекеттік номері 914cu01 нұрлыжол вокзал аялдамасынать қала бағытын қарай 1400 уақытымный аялдамағ тоқтамай өтіп кетті
95,автобус №43 не был на остановке ЖК Денсаулык Бакыт  в направлений ЖК Турсын-Астана 1 с 13:35-14:05,,0,автобус остановка денсаулыко бакыт направление турсынастан 13351405
96,"37 м / а Алау Мұз сарайы аялдамасына келдім, сағат 13:17-де Маған кардиохирургиялық клиника бағытына бару керек болды. Автобус сағат 13:22-де жүрді. Мен аялдамада тұрдым, боранның салдарынан мен жан жағыма бұрылып қарап тұрдым, бораннан қорғанып, және бір-бірінен кейін келген 2 автобусты көрмедім. Менің автобусым екенін көргеннен кейін. Автобуска қол бұлғадым, ол маған қарап, өтіп кетті. Осыдан кейін маған 40 минуттай күтуге тура келді. Баламен бірге тұрдым аялдамада. Қазір сол автобустың артынан келе жатырмын. Мен басқа автобусқа отырдым. Қазір №37 автобус, мемлекеттік номері №623 бара жатырмын. Біз қатты қатып қалдық баламыз екуміз, бүйрегім қатты ауырады, баланың аяғы қатып қалды. Қайта қоңырау шалып, жауап беруіңізді сұраймын. Осы мәселе бойынша шаралар қабылдауды талап етемін.",,0,алаа мұз сарай аялдамасын келдім сағат 1317д мағать кардиохирургиялық клиника бағытын бару керека болда автобус сағат 1322д жүрді мена аялдамад тұрдым боранның салдарынать мена жан жағым бұрылып қарап тұрдым бораннана қорғанып жәич бірбірінный кейін келген автобуста көрмедім менің автобусым екенін көргеннный кейін автобуск қол бұлғадым мағать қарап өтіп кетті осыдать кейін мағать минуттая күтуг тур келді баламена бірг тұрдым аялдамад қазір сол автобустың артынана келе жатырмын мена басқ автобусқ отырдым қазір автобус мемлекеттік номері 623 бар жатырмын біз қатта қатып қалдық баламыза екуміз бүйрегім қатта ауырада баланың аяғ қатып қалда қайта қоңырау шалып жауап беруіңізді сұраймын оса мәсель бойынша шаралар қабылдауд талап етемін
97,№ 1014439580 көлік картасы бойынша 01.09.2024ж көлік әмиянын 3 айлық жүру тарифына 20 мың баланс толтырған. Қателесіп 01.11.2024 ж тағы да 20 мың 3 айлық жол жүру тарифын салған.   01.12 күні Орталық кассаға  барып өтініш жасаған. Өтініші бойынша осы айда 01.02.2025 ж әлі де қолдану мүмкіндігі болу керек. Тариф неге қолданылмай тұр?,,0,1014439580 көлік картас бойынша 01092024ж көлік әмиянын айлық жүр тарифын мың баланс толтырғать қателесіп 01112024 тағ мың айлық жол жүр тарифын салғать 0112 күні орталық кассағ барып өтініш жасағать өтініші бойынша оса айда 01022025 әлі қолдан мүмкіндігі бола керека тариф нега қолданылмать тұр
98,"84 м/а Гос номер 379 Я стояла на остановке Улы дала  на пересини Проспект Улы Дала и Проспекта Туран. Подошла в 14:00 Мне надо было поехать в направлении остановки Городская детская инфекционная больница. Автобус приехал в 14:15-14:16 Водитель остановился не на остановке, а на второстепенной улице. Мы все стояли на остановке. Я это увидела, оббежала автобус. В это время он перед моим носом закрыл двери и уехал. Я подошла к автобусу вместе с ребенком. Я успела постучать дверь, но он все равно не открыл двери, посигналил и уехал. Прошу принять меры по данному поводу. Пусть проведут какую-нибудь работу. Я осталась с ребёнком на улице. На улице очень холодно.",,0,гос номер 379 стоять остановка улы дать пересинить проспект улы дать проспект туран подойти 1400 поехать направление остановка городской детский инфекционный больница автобус приехать 14151416 водитель остановиться остановка второстепенный улица всё стоять остановка это увидеть оббежать автобус это время нос закрыть дверь уехать подойти автобус вместе ребёнок успеть постучать дверь всё равно открыть дверь посигналить уехать просить принять мера дать повод пусть провести какуюнибудь работа остаться ребёнок улица улица очень холодно
99,"На маршрутном автобусе 22А, рег.номер 580ВМ, сзади не обозначен указатель маршрута. Это выяснилось на остановке "" Астанатехнопарк"", по проспекту Республики, к направлению проспекта Богенбай Батыра 01.02.25 г, в 14.15 мин.",,0,маршрутный автобус 22а регномер 580вма сзади обозначить указатель маршрут это выясниться остановка астанатехнопарк проспект республика направление проспект богенбай батыр 010225 1415 мина
100,"42 м/а 479 гос номер Памир аялдамасынан  ЖК Алтын Шар бағытындаа  есікті ашты да ,резко жацып тастады ,кішкенатй бала кіріп үлгермеді ! недеген сұмдық",,0,479 гос номер памир аялдамасынать алтын шар бағытындаа есікті ашт резко жацып тастады кішкенатть бал кіріп үлгермеді недеген сұмдық
101,"_x000D_ Авт № 36 мемлекеттік № 879   14 сағат 22 минутта, мен  теміржол вокзалына-1 жеттім, мен құлаққап кидім, бір күн жұмыс істедім және ұйықтап кеттім, тікелей аялдамада  ояндым, бірінші есіктен шыққым келді, жүргізуші дөрекі айтты : екінші есікке шығыңыз, неге отырасыз, бәрі шығады.Бозарал аялдамасында отырдым.Дөрекілікке шағым",,0,_x000d_ авт мемлекеттік 879 сағат минутта мена теміржол вокзалына1 жеттім мена құлаққап кидім бір күн жұмыс істедім жәич ұйықтапа кеттім тікель аялдамад ояндым бірінші есіктен шыққый келді жүргізуші дөрекі айтта екінші есікк шығыңызть нега отырасызть бәрі шығадыбозарать аялдамасында отырдымдөрекілікк шағый
102,"Жалоба. М/а 1, гос. № 492 CQ01, в 14:41  с ост. пункта м/он Самал направление гостиница Жасыбай,  при  высадке пассажир начал движение, водитель не смотрел в зеркала так как разговаривал по телефону через беспроводной блютуз.  Пассажир спускается, а автобус поехал заявитель чуть не упала еле удержалась. Примите меры в отношение водителя.",,0,жалоба гос 492 cq01 1441 ост пункт мона самаленький направление гостиница жасыбай высадка пассажир начать движение водитель смотреть зеркало разговаривать телефон беспроводный блютуз пассажир спускаться автобус поехать заявитель упасть еле удержаться принять мера отношение водитель
103,"№30 м\а, гос.номер 572BM01, на остановке улица Акжол не открыл двери для выхода с маршрута, в направлении лесозавод Сусамыр, время 14:40, он притормозил на остановке улица Акжол. Мы хотели выйти и ожидали пока он откроет двери. Но водитель маршрута не открыл двери и уехал. Водитель открыл двери на следущей остановке.",,0,госномер 572bm01 остановка улица акжол открыть дверь выход маршрут направление лесозавод сусамыр время 1440 притормозить остановка улица акжол хотеть выйти ожидать пока открыть дверь водитель маршрут открыть дверь уехать водитель открыть дверь слехать остановка
104,"М/а 44, гос.№ 504, конкретно не запомнила номер в 15:08 на ост. пункт ЖК Кулагер направление шоссе коргалжын, пассажир подошла к автобусу с ребенком стучала в двери крайние автобус не открыл дверь и уехал.",,0,гос 504 конкретно запомнить номер 1508 ост пункт кулагер направление шоссе коргалжын пассажир подойти автобус ребёнок стучать дверь крайний автобус открыть дверь уехать
105,маршрут автобуса №52  нету на остановки Керея и Жанибека в направлении остановки ТЦ Тулпар с 14.45-15.15,,0,маршрут автобус нету остановка керей жанибек направление остановка тулпара 14451515
106,МА 22 не было автобуса с 14:45 - 15:20 остановка ТД Гульжан в направлении остановки ж/м Железнодорожный.,,0,автобус 1445 1520 остановка гульжан направление остановка железнодорожный
107,"_x000D_ 50-маршрут_x000D_ мемлекеттік нөмірі 110AT01_x000D_ уақыты 15/02_x000D_ «Бал Бала» балабақшасының аялдамасында «Көктал» саябағы бағытында жүргізуші баламен бірге жолаушының шығуын күтпестен есікті жауып, кенет қозғалған.",,0,_x000d_ 50маршрут_x000d_ мемлекеттік нөмірі 110at01_x000d_ уақыть 1502_x000d_ бал бал балабақшасының аялдамасында көкталый саябағ бағытында жүргізуші баламена бірг жолаушының шығуын күтпестен есікті жауып кеть қозғалғать
108,"49 маршрут Остановка Алмалык в сторону  Бал бала. Время 15:00-15:30,Нет автобуса.",,0,маршрут остановка алмалык сторона бал бал время 15001530нуть автобус
109,"36 маршрут _x000D_ код оплаты 22000_x000D_ время 6/10_x000D_ на остановке Ж/д вокзал Астана 1 в направлении проспект Сарыарка_x000D_ Со стороны водителя не было нарушений, приехал вовремя и подъехал к остановке как подложено не конфликтовал ни с кем, порой пассажиры оставляют жалобы не обоснована, просим принять во внимание, потому что утром пассажир в салоне автобуса сама начала повышать тон на водителя. _x000D_",,1,маршрут _x000d_ код оплата 22000_x000d_ время 610_x000d_ остановка вокзал астана направление проспект сарыарка_x000d_ сторона водитель нарушение приехать вовремя подъехать остановка подложить конфликтовать порой пассажир оставлять жалоба обосновать просить принять внимание утром пассажир салон автобус начало повышать тон водитель _x000d_
110,"№55Б бағдар, мем/нөмір 501,  сағат 15-36 кеткенде  Кенесары аялдамасыңа тоқтамай Қабанбай батыр бағытыңа қарай кетіп қалды .",,0,55б бағдар мемнөмір 501 сағат 1536 кеткенд кенесара аялдамасың тоқтамай қабанбай батыр бағытың қарай кетіп қалда
111,"1012307276 3 айлық тариф алдым , бірінші  касссадан  карта алдым ,3 айлық тариф сол жерде салдым , 26.10 сосын айтты қай уақытта ыңғайлы сол уақытта сала беріңіз деді! Бірақ осы қаңтардың 13-і толтырылған 3 айлық абонементім тек қана март айына дейін жарамды ! Неге маған айтпады 15-нен кейін толтырып отыру керектігін ?  1 айға екі рет төлеп тұрмын. Сұрағанда да қызметкерлер жауап бермеді!",,0,1012307276 айлық тариф алдым бірінші касссадан карта алдым айлық тариф сол жерд салдым 2610 сосын айтта қай уақытта ыңғайла сол уақытта сало беріңіз деді бірақ оса қаңтардың 13і толтырылғать айлық абонементім течь қана март айын дейін жарамд нега мағать айтпады 15нный кейін толтырып отыр керектігін айғ екі рет төлеп тұрмын сұрағанда қызметкерлер жауап бермеді
112,"3 маршрут гаражный   А 695.Остановка  Школа 22 в строну  Жастар. Время 16:01 час. Стоял 3 секунды.Мы вышли с теплой  остановки, ,он производил посадку ,но  не подождал ,уехал.",,0,маршрут гаражный 695остановка школа стронуть жастарый время 1601 час стоять секундым выйти тёплый остановка производить посадка подождать уехать
113,"30.01 күні сағ. 18.30 болған оқиға. Сарайшық көшесінде 18 маршрут дәл светофор алдына пробка жасап тұрып аллы, жасыл жанғанда өте алмай қиналдық, сол арада қызыл жанып аотында машина тез жүріп ұлымды қағып кете жаздады, шок тан енді есімді жиып отырмын. Неге водительдер пешеход жолына тұрып алады? Қашан тоқтайды жол ережесін бұзу? Солардығ кесірінен адамдарға зиян тиюде. Барлық водительдерге ҚАТАЛ ЕСКЕРТУ ЖАСАҢЫЗДАР!!! @ikomek109 Автобустың qr кодын кайдан білем мен? Ішіне кірген жоқпынғой, светофор алдында тұрдым касымда бала, жан жақта машина номердіде көре алмайсың. Министерстводан келе жатыр Қабанбай батыр көшесі бағытына қарай. Жалпы барлық жүргізушіге ескерту жасалу керек “ Тұрмасын пешоход жолына, пробка болып асығып тұрсада”!!! Бұл адам өмірі!!! Олар асықты екен деп жолдан өте алмау керекпізбе, недеген қателік.",,0,3001 күні сағ 1830 болғать оқиғ сарайшық көшесінд маршрут дәл светофор алдын пробка жасап тұрып алла жасыл жанғанда өте алмайя қиналдық сол арад қызыл жанып аотында машина теза жүріп ұлымд қағып кета жаздада шок тан енді есімді жиып отырмын нега водительдер пешеход жолын тұрып алада қашан тоқтайд жол ережесін бұз солардығ кесірінный адамдарғ зиян тиюд барлық водительдерг қатал ескерту жасаңыздар ikomek109 автобустың кодын кайдан біль мена ішіич кірген жоқпынғий светофор алдында тұрдым касымд бал жан жақт машина номердід көр алмайсың министерстводать келе жатыр қабанбай батыр көшесі бағытын қарай жалп барлық жүргізушіг ескерту жасало керека тұрмасын пешоход жолын пробка болып асығып тұрсад бұл адам өмірі олара асықт екен деп жолдать өте алмау керекпізба недеген қателік
114,"м/а-14 г/н-574 на меленьких улицах  ездит с большой скорость не доезжая на ул. Сатпаева  нарушает ПДД я подошел к водителю и сказал что он нарушает выехал на встречную полосу, водитель на меня посмотрел и ехидно засмеялся. Что за безобразие прошу провести беседу с водителем  время  16.40 Сатпаева -26 в сторону Момышулы ехал._x000D_",,0,ма14 гн574 меленький улица ездить большой скорость доезжать сатпаева нарушать пдд подойти водитель сказать нарушать выехать встречный полоса водитель посмотреть ехидно засмеяться безобразие просить провести беседа водитель время 1640 сатпаева сторона момышула ехал_x000d_
115,"№61 маршрут бойынша сағат 16.00-16.57 аралығында Шыңғыс Айтматов аялдамасынан Сауран аялдамасы бағытында автобус болған жоқ, 01.02.2025 ж.",,0,маршрут бойынша сағат 16001657 аралығында шыңғысый айтматов аялдамасынать сауран аялдамас бағытында автобус болғать жоқ 01022025
116,"М/а 49, 18418,  с ост. пункта Бал бала направление ЖК Рио, только зашли с ребенком в автобусе скользко не успели сесть и контролер фамилия Кокебай начала кричать платите быстрее торопила салон автобуса свободный, пассажир сказала сейчас сяду и оплачу, контролер с гонором в голосе требовала оплатить. Примите меры в отношение контролера проведите разъяснительную работу чтобы соблюдали культуру и вежливость в отношение пассажиров.",,0,18418 ост пункт бал бал направление рио заслать ребёнок автобус скользко успеть сесть контролёр фамилия кокебай начало кричать платить быстрый торопить салон автобус свободный пассажир сказать сесть оплатить контролёр гонор голос требовать оплатить принять мера отношение контролёр провести разъяснительный работа соблюдать культура вежливость отношение пассажир
117,"марш №60 на остановке ЖК Jetisu.Lepsi ПОДБЕЖАЛ   к двери в середине автобуса, водитель закрыл  передо мной и уехал направление Мангилик Ел в 17 час 02",,0,марш остановка jetisulepsi подбежать дверь середина автобус водитель закрыть уехать направление мангилик час
118,"М/а 71,  кьюар код 10827, в 17:07  фамилия водителя Нурсолтанов Б.К, м-он Отау направление пр. Р. Кошкарбаева, подходя к автобусу водитель резко закрыл автобус чуть не зажав дверьми, затем открыл дверь,  войдя автобус водитель начал ругаться, разговаривал на ты грубил сказал смотри по сторонам, на следующем остановочном пункте не открыл двери требовал показать оплату, очень грубое отношение к пассажирам. Примите меры.",,0,кьюар код 10827 1707 фамилия водитель нурсолтан мона отау направление кошкарбаев подходить автобус водитель резко закрыть автобус зажать дверь затем открыть дверь войти автобус водитель начать ругаться разговаривать грубить сказать смотреть сторона следующий остановочный пункт открыть дверь требовать показать оплата очень грубый отношение пассажир принять мера
119,"Здравствуйте! Добавьте автобусы по маршруту #63, невозможно ехать, это даже не час пик  Кол-во файлов: 1",,0,здравствуйте добавить автобус маршрут невозможно ехать это час пик колвый файл
120,"№4 м\а, Деловой дом «Алматы» .аялдамасынан, Микрорайон Целинный бағытына қарай, күту уақыты 17:00 ден 17:30 дейін, маршрут жүру уақытын сақтамайды.",,0,деловой дом алматы аялдамасынать микрорайон целинный бағытын қарай күт уақыть 1700 ден 1730 дейін маршрут жүр уақытын сақтамайд
121,"№84 м\а, остановка Больница Медицинского центра УДП РК, Клиника-қ оңалту кешені, в направление Тауелсиздик, время ожидание с 17:07 до 17:39, несоблюдение интервала расписание маршрута.",,0,остановка больница медицинский центр удп клиникақ оңалта кешені направление тауелсиздик время ожидание 1707 1739 несоблюдение интервал расписание маршрут
122,52 маршрут _x000D_ не было автобуса 45 минут с 17/20-18/05_x000D_ с остановки Кардиохирургическая клиника в направление ж/м Заречный.,,0,маршрут _x000d_ автобус минута 17201805_x000d_ остановка кардиохирургический клиника направление заречный
123,"№ 39 бағдар, кьюар код 13112 проспект Тлендиева аялдамасынаң міңген , ТД Коктем  аялдамасынаң түскен , автобустың іші маймен , резинкенің иісі шығып тұр ! Біз ақша осы үшің төлеймізба? Төлемесен айыппұл төлейсің! Жалғыз бұл  автобустың іші емес барлық 39 бағдардың  автобустары сасық жәңе ескі жаңасына ауыстыру керек  18-09",,0,бағдар кьюар код 13112 проспект тлендиевый аялдамасынаң міңген коктема аялдамасынаң түскен автобустың іші маймен резинкенің иісі шығып тұр біз ақш оса үшің төлеймізб төлемесный айыппұть төлейсің жалғызть бұл автобустың іші емес барлық бағдардың автобустарый сасық жәң ескі жаңасын ауыстыр керека 1809
124,52  маршрут  аялдама  Саранда -2  сағат 18.00  келді  қазір сағат 18. 30  Салтанат  сарайы  бағытына  қарай  барады.  Күткеніне 30  минут  болды. Шара қолдануды  сұрайды.,,0,маршрут аялдама саранд сағат 1800 келді қазір сағат салтанат сарай бағытын қарай барад күткеніич минута болда шар қолдануда сұрайд
125,"56 м/а Я пришла на остановку Торгово-развлекательный центр Керуен, 18:10 Сейчас время 18:35, автобуса до сих пор нет. Мне надо поехать в направлении остановки Жилой комплекс «Кулагер».",,0,прийти остановка торговоразвлекательный центр керуйный 1810 время 1835 автобус сей пора поехать направление остановка жилой комплекс кулагер
126,"Здравствуйте . Почему постоянные перебои с маршрутом #56? Сейчас я стою на остановке ""Керуен"" в сторону Жағалау, уже больше 40 минут нет автобуса , людей куча. Почему-то остальные маршруты нормально ходят, а у #56  постоянно что-то не так. 18:40",,0,здравствуйте почему постоянный перебой маршрут стоить остановка керуйный сторона жағалаа большой минута автобус человек куча почемуть остальной маршрут нормально ходить постоянно чтоть 1840
127,"№ 56 бағдар , ЖК Кулагер  Дом Министерств бағытыңа қарай сағат 18-45 пен 19-11 аралығыңда желіде болмады . Қәзір картада бірінең сон бірі келе жатыр . Кестелерің қарастыру керек .",,0,бағдар кулагер дом министерство бағытың қарай сағат 1845 пен 1911 аралығыңд желід болмады қәзір картада бірінең сон бірі келе жатыр кестелерің қарастыр керека
128,"автобус №71 БОРТОВОЙ НОМЕР 10889 в 19:00 на остановке Куляш Байсеитовой в направлений Городская поликлиника №5 при высадке не открыл заднею дверь, пассажирка с ребенком  стала нажимать на кнопку СТОП, кнопка не работала и водитель увез пассажирку.",,0,автобус бортовый номер 10889 1900 остановка куляш байсеитовый направление городской поликлиника высадка открыть задний дверь пассажирка ребёнок стать нажимать кнопка стоп кнопка работать водитель увезти пассажирка
129,"маршрут автобуса 15  киаркод 10638  остановка ж/м Железнодорожный в направлении города   остановки нету теплой и мы пассажиры хотим сесть в автобус но водитель не разрешает нам садиться  , сам выйдет покурит  постоит  только потом выезжает и садит пассажиров, должна же быть человечность на улице холодно примите меры",,0,маршрут автобус киаркод 10638 остановка железнодорожный направление город остановка нету тёплый пассажир хотеть сесть автобус водитель разрешать садиться выйти покурить постоять выезжать садить пассажир должный человечность улица холодно принять мера
130,"72 Гос. номер: 653CQ01  сағат 19:37 лерде екі үлкен кісінің жүгіріп келді,бірақ автобус келіп ,ашты жэапты  ,кетіп қалды. вОДИтельдер білгенің істейді Манаса аялдамасынан Гульжанға қарай!",,0,гос номер 653cq01 сағат 1937 лерд екі үлкен кісінің жүгіріп келдібірақ автобус келіп ашт жэапта кетіп қалда водительдер білгенің істейді манас аялдамасынать гульжанғ қарай
131,"автобус № 28 гос.номер 935  в 18:00 водитель Омаров, при посадке  на остановке Детская городская больница №2 в направлений Евразийский национальный университет резко закрыл среднею дверь  и зажал   бабушку  между дверями  пол тела было на улице, половина в автобусе и резко   двинулся и резко тормозил, нарушал скоростной режим. Бабушка подошла к водителю и сделала замечание, водитель  начал грубить в ответ ""пошла вон, сейчас высажу тебя"", "" да пошла ты""  и на остановке Гипермаркет Строймарт всех высадил сказал , что автобус сломался.",,0,автобус госномер 935 1800 водитель омар посадка остановка детский городской больница направление евразийский национальный университет резко закрыть средний дверь зажать бабушка дверь пол тело улица половина автобус резко двинуться резко тормозить нарушать скоростной режим бабушка подойти водитель сделать замечание водитель начать грубить ответ пойти вон высадить пойти остановка гипермаркет строймарт весь высадить сказать автобус сломаться
132,"М/а 40, жалуется на несоблюдение интервала, примерно  с 19:10 до  19:38ч ожидает автобуса на ост. ЖК Экспо Сити в сторону ост. Дом министерства.  Предыдущий автобус сейчас остановку  Центр нового поколения Sana проезжает между ними большой интервал, на конечной остановке 3 автобуса стоят на перерыве. Один только выехал с конечной ост. Просит принять меры.",,0,жаловаться несоблюдение интервал примерно 1910 1938ча ожидать автобус ост экспо сити сторона ост дом министерство предыдущий автобус остановка центр новый поколение sana проезжать большой интервал конечный остановка автобус стоять перерыв выехать конечный ост просить принять мера
133," Маршрут №11 госномер 605 время  19:42 водитель    водитель остановился  на  остановке  Байтурсунова  в направление   ЖК Социум  .Сделал  высадку  пассажиров   но  не  совершил  посадку  пассажиров .  Ожидающие пассажиры  не  успели пройти  в  м/а,  он  сразу  закрыл  дверь  и уехал .",,0,маршрут госномер 605 время 1942 водитель водитель остановиться остановка байтурсунов направление социум сделать высадка пассажир совершить посадка пассажир ожидать пассажир успеть пройти сразу закрыть дверь уехать
134,"М/а 4, ост. пункт Разина направление Валиханова  время ожидания с 19:00-20:00, по телефону на карте показывало что якобы за это время три  м/а № 4 проехали, но по факту не было. Куда делись м/а просит разобраться и предоставить ответ.",,0,ост пункт разин направление валиханов время ожидание 19002000 телефон карта показывать якобы это время проехать факт делиться просить разобраться предоставить ответ
135,56 маршрут аялдама    Бесшалқар   сағат 20. 25   уақытында аялдамаға   гаражный номері  С 171  және  С 131 қатар  келді. Промышленный  бағытына қарай.  Неге  бір  уақытта  2  автобус  қатар келді?,,0,маршрут аялдама бесшалқар сағат уақытында аялдамағ гаражный номері 171 жәич 131 қатар келді промышленный бағытын қарай нега бір уақытта автобус қатар келді
136,"46 м/а  гос номер  063   , время  20:34 часов . Ехала  с ост   ТРЦ Керуен по направлению  ост  пр Сарыарка.  Внутри  салона автобуса  не объявляют остановки. Я  турист , не знаю г. Астана.   На обращение водитель , он ответил; ""Кайдан блиін"".  Просьба восстановить оповещение внутри салона  автобуса курсирующий  по  г. Астана  на русском и на казахском языке.",,0,гос номер 063 время 2034 час ехать ост трц керуйный направление ост сарыарка внутри салон автобус объявлять остановка турист знать астана обращение водитель ответить кайдан блиін просьба восстановить оповещение внутри салон автобус курсировать астана русский казахский язык
137,"маршрут 61_x000D_ 685 гос. номер _x000D_ время 20/48_x000D_ на остановке ЖК Шыгыс в сторону Центр материнства и детства, водитель закрыл двери перед пассажиром и уехал.",,0,маршрут 61_x000d_ 685 гос номер _x000d_ время 2048_x000d_ остановка шыгысый сторона центр материнство детство водитель закрыть дверь пассажир уехать
138," 66 маршрут  г/номер 157 Остановка Хан шатыр  в сторону поликлиники №2.Время 20:45, При посадке через переднюю дверь  водитель закрыл двери и прищемил меня дверьми. Так еще водитель начал со мной ругаться. Мне пришлось выйти из салона.Примите меры и жду обратной связи.",,0,маршрут гномер 157 остановка хан шатыр сторона поликлиника 2время 2045 посадка передний дверь водитель закрыть дверь прищемить дверь ещё водитель начать ругаться прийтись выйти салонапрять мера ждать обратный связь
139,"Маршрут 37 , время 20.52 Остановка Депо направление город ожидаем. Нет ни одного маршрута . А направление  Астанаинерт друг за другом интервал  между ними 5 минут четыре маршрута проехали. И все пустые не соблюдают. Срочно проверить и взять во внимание.",,0,маршрут время 2052 остановка депо направление город ожидать маршрут направление астанаинерт друг друг интервал минута четыре маршрут проехать всё пустой соблюдать срочно проверить взять внимание
140,"маршрут   автобуса 73  гос. номер 494  время 21.01 остановка Библиотека Отырар  в направлении остановки ТЦ Евразия автобус остановился на остановке ,двери не открыл и уехал мы стучали по дверям он видел что мы стоим на остановке внутри были пассажиры но водитель  уехал примите меры.",,0,маршрут автобус гос номер 494 время 2101 остановка библиотека отырар направление остановка евразия автобус остановиться остановка дверь открыть уехать стучать дверь видеть стоить остановка внутри пассажир водитель уехать принять мера
141,"4 маршрут аз өтеді, кунде 30,40 мин күтеміз, Азірет Сұлтан мешітінен көкталға баратын бағытта  тағы 4 маршруттын қосуын сұраймыз, қазыр 20-30 дан 21-15 ке диін тұрдым күтіп",,0,маршрут өтеді кунда 3040 мина күтеміз азірет сұлтан мешітінный көкталғ баратын бағытта тағ маршруттын қосуын сұраймыза қазыр 2030 дать 2115 диін тұрдым күтіп
142,"Orynbor Tower Аялдамасы Мәңгілік Ел даңғылы,58  Кол-во файлов: 1",,0,orynbor tower аялдамас мәңгілік даңғылы58 колвый файл
143,"22А бағдар,  Астана Технопарк аялдамасынаң ЖК Железнодорожный бағытыңа қарай сағат 21-00 мен 21-38 аралығыңда желіде болмады.",,0,22а бағдар астана технопарк аялдамасынаң железнодорожный бағытың қарай сағат 2100 мена 2138 аралығыңд желід болмады
144,"Ондирис  аялдамасынан до 40 станции тура баратын автобус жоқ немесе 85 м/а солай жасап қоюыңызды сұраймыз! Мұнда көп адам завод,жұмысқа барады.",,0,ондирис аялдамасынать станция тур баратын автобус жоқ немес солай жасап қоюыңызд сұраймыза мұнд көп адам заводжұмысқ барад
145,Сағат 20:50-ден 21:50-ге дейін Әйтеке би аялдамасы Омарова көшесі аялдамасы бағытында МА 56 автобусы болмады.,,0,сағат 2050ден 2150г дейін әйтека аялдамас омаров көшесі аялдамас бағытында автобус болмады
146,"Хочу выразить искренние слова благодарности водителю маршрутного автобуса №42. Не знаю молодого человека по имени-отчеству. Номер автобуса  - 284 CW 01. Из школы возвращалась на этом автобусе в обед, в 12.23. Мне особо понравилось, что по радио в салоне приятно звучали казахские песни: ""Той жыры"" Дос - Мукасана и другие мелодии. Музыка облагораживает человека, дарит хорошее настроение. Не зря советуют, если хочешь выучить язык, слушай песни.             Утром в 8 ч. утра, когда ехала на работу, то  в 42 автобусе мне понравилось, как во время проверки оплаты за проезд всех на казахском языке приветствует контролер Удербаева А.Ж. (на бейджике прочитала ФИО). Некоторые пассажиры не отвечали на ее доброе приветствие, на что она, мило улыбаясь, повторяла, я же поздоровалась, почему вы не отвечаете мне. Действительно, доброе слово и кошке приятно. Отрадно: и утром, и в обед увидела, что входившие в автобус студенты, школьники, стар и млад - все оплачивали сразу проезд. Часто читаю в этой группе, что много среди пассажиров -  ""зайцев"", которые наносят материальный урон автопаркам. Сегодня была свидетелем ответственности пассажиров. Приятно, что в салоне 42 автобуса чисто, тепло. Молодые ребята уступают места пожилым людям. Стоит отметить, что и у нас в Казахстане много доброго и положительного. Каждый на своем участке деятельности добросовестно выполняет свою работу. И люди живут в мире и согласии.",,1,хотеть выразить искренний слово благодарность водитель маршрутный автобус знать молодой человек имениотчество номер автобус 284 школа возвращаться это автобус обед 1223 особо понравиться радио салон приятно звучать казахский песня жыр дос мукасан мелодия музыка облагораживать человек дарить хороший настроение зря советовать хотеть выучить язык слушать песня утром утро ехать работа автобус понравиться время проверка оплата проезд весь казахский язык приветствовать контролёр удербаев бейджик прочитать фио некоторый пассажир отвечать добрый приветствие мило улыбаться повторять поздороваться почему отвечать действительно добрый слово кошка приятно отрадно утром обед увидеть входить автобус студент школьник старый млада всё оплачивать сразу проезд часто читать группа среди пассажир заяц который наносить материальный урон автопарк сегодня свидетель ответственность пассажир приятно салон автобус чисто тепло молодой ребята уступать место пожилой человек стоить отметить казахстан добрый положительный каждый свой участок деятельность добросовестно выполнять свой работа человек жить мир согласие
